{"v":"4.8.0","meta":{"g":"LottieFiles AE 3.0.2","a":"","k":"","d":"","tc":"none"},"fr":30,"ip":0,"op":166,"w":600,"h":600,"nm":"fantoma","ddd":0,"assets":[{"id":"comp_0","layers":[{"ddd":0,"ind":1,"ty":4,"nm":"pupile Outlines","parent":4,"sr":1,"ks":{"o":{"a":0,"k":100,"ix":11},"r":{"a":0,"k":0,"ix":10},"p":{"a":1,"k":[{"i":{"x":0.833,"y":0.833},"o":{"x":0.167,"y":0.167},"t":18,"s":[285.25,300,0],"to":[0,0,0],"ti":[0,0,0]},{"i":{"x":0.833,"y":0.833},"o":{"x":0.167,"y":0.167},"t":36,"s":[285.716,300,0],"to":[0,0,0],"ti":[0,0,0]},{"i":{"x":0.833,"y":0.833},"o":{"x":0.167,"y":0.167},"t":45,"s":[285.25,300,0],"to":[6,0,0],"ti":[-6,0,0]},{"i":{"x":0.833,"y":0.833},"o":{"x":0.167,"y":0.167},"t":47.5,"s":[321.25,300,0],"to":[0,0,0],"ti":[0,0,0]},{"i":{"x":0.833,"y":0.833},"o":{"x":0.167,"y":0.167},"t":120,"s":[321.25,300,0],"to":[-6,0,0],"ti":[6,0,0]},{"t":123,"s":[285.25,300,0]}],"ix":2},"a":{"a":0,"k":[300,300,0],"ix":1},"s":{"a":1,"k":[{"i":{"x":[0.667,0.667,0.667],"y":[1,1,1]},"o":{"x":[0.333,0.333,0.333],"y":[0,0,0]},"t":18,"s":[100,100,100]},{"i":{"x":[0.667,0.667,0.667],"y":[1,1,1]},"o":{"x":[0.333,0.333,0.333],"y":[0,0,0]},"t":20,"s":[100,0,100]},{"i":{"x":[0.667,0.667,0.667],"y":[1,1,1]},"o":{"x":[0.333,0.333,0.333],"y":[0,0,0]},"t":22,"s":[100,100,100]},{"i":{"x":[0.667,0.667,0.667],"y":[1,1,1]},"o":{"x":[0.333,0.333,0.333],"y":[0,0,0]},"t":105,"s":[100,100,100]},{"i":{"x":[0.667,0.667,0.667],"y":[1,1,1]},"o":{"x":[0.333,0.333,0.333],"y":[0,0,0]},"t":107,"s":[100,0,100]},{"t":109,"s":[100,100,100]}],"ix":6}},"ao":0,"shapes":[{"ty":"gr","it":[{"ind":0,"ty":"sh","ix":1,"ks":{"a":0,"k":{"i":[[0,4.076],[4.076,0],[0,-4.076],[-4.076,0]],"o":[[0,-4.076],[-4.076,0],[0,4.076],[4.076,0]],"v":[[7.381,0],[0,-7.381],[-7.381,0],[0,7.381]],"c":true},"ix":2},"nm":"Path 1","mn":"ADBE Vector Shape - Group","hd":false},{"ty":"fl","c":{"a":0,"k":[0.43529411764705883,0.43529411764705883,0.43529411764705883,1],"ix":4},"o":{"a":0,"k":100,"ix":5},"r":1,"bm":0,"nm":"Fill 1","mn":"ADBE Vector Graphic - Fill","hd":false},{"ty":"tr","p":{"a":0,"k":[321.848,268.202],"ix":2},"a":{"a":0,"k":[0,0],"ix":1},"s":{"a":0,"k":[100,100],"ix":3},"r":{"a":0,"k":0,"ix":6},"o":{"a":0,"k":100,"ix":7},"sk":{"a":0,"k":0,"ix":4},"sa":{"a":0,"k":0,"ix":5},"nm":"Transform"}],"nm":"Group 1","np":2,"cix":2,"bm":0,"ix":1,"mn":"ADBE Vector Group","hd":false},{"ty":"gr","it":[{"ind":0,"ty":"sh","ix":1,"ks":{"a":0,"k":{"i":[[0,4.076],[4.076,0],[0,-4.076],[-4.076,0]],"o":[[0,-4.076],[-4.076,0],[0,4.076],[4.076,0]],"v":[[7.381,0],[0,-7.381],[-7.381,0],[0,7.381]],"c":true},"ix":2},"nm":"Path 1","mn":"ADBE Vector Shape - Group","hd":false},{"ty":"fl","c":{"a":0,"k":[0.43529411764705883,0.43529411764705883,0.43529411764705883,1],"ix":4},"o":{"a":0,"k":100,"ix":5},"r":1,"bm":0,"nm":"Fill 1","mn":"ADBE Vector Graphic - Fill","hd":false},{"ty":"tr","p":{"a":0,"k":[271.206,268.202],"ix":2},"a":{"a":0,"k":[0,0],"ix":1},"s":{"a":0,"k":[100,100],"ix":3},"r":{"a":0,"k":0,"ix":6},"o":{"a":0,"k":100,"ix":7},"sk":{"a":0,"k":0,"ix":4},"sa":{"a":0,"k":0,"ix":5},"nm":"Transform"}],"nm":"Group 2","np":2,"cix":2,"bm":0,"ix":2,"mn":"ADBE Vector Group","hd":false}],"ip":0,"op":166,"st":0,"bm":0},{"ddd":0,"ind":2,"ty":4,"nm":"ochi Outlines","parent":4,"sr":1,"ks":{"o":{"a":0,"k":100,"ix":11},"r":{"a":0,"k":0,"ix":10},"p":{"a":1,"k":[{"i":{"x":0.833,"y":0.833},"o":{"x":0.167,"y":0.167},"t":45,"s":[300,300,0],"to":[3.75,0,0],"ti":[-3.75,0,0]},{"i":{"x":0.833,"y":0.833},"o":{"x":0.167,"y":0.167},"t":47.5,"s":[322.5,300,0],"to":[0,0,0],"ti":[0,0,0]},{"i":{"x":0.833,"y":0.8},"o":{"x":0.167,"y":0.167},"t":120,"s":[322.5,300,0],"to":[-3.75,0,0],"ti":[3.75,0,0]},{"t":123,"s":[300,300,0]}],"ix":2},"a":{"a":0,"k":[300,300,0],"ix":1},"s":{"a":0,"k":[100,100,100],"ix":6}},"ao":0,"shapes":[{"ty":"gr","it":[{"ind":0,"ty":"sh","ix":1,"ks":{"a":0,"k":{"i":[[0,10.987],[10.987,0],[0,-10.987],[-10.987,0]],"o":[[0,-10.987],[-10.987,0],[0,10.987],[10.987,0]],"v":[[19.893,0],[-0.001,-19.894],[-19.894,0],[-0.001,19.894]],"c":true},"ix":2},"nm":"Path 1","mn":"ADBE Vector Shape - Group","hd":false},{"ty":"st","c":{"a":0,"k":[0.43529411764705883,0.43529411764705883,0.43529411764705883,1],"ix":3},"o":{"a":0,"k":100,"ix":4},"w":{"a":0,"k":4,"ix":5},"lc":1,"lj":1,"ml":10,"bm":0,"nm":"Stroke 1","mn":"ADBE Vector Graphic - Stroke","hd":false},{"ty":"fl","c":{"a":0,"k":[0.945098099054,0.949019667682,0.949019667682,1],"ix":4},"o":{"a":0,"k":100,"ix":5},"r":1,"bm":0,"nm":"Fill 1","mn":"ADBE Vector Graphic - Fill","hd":false},{"ty":"tr","p":{"a":0,"k":[314.467,268.202],"ix":2},"a":{"a":0,"k":[0,0],"ix":1},"s":{"a":0,"k":[100,100],"ix":3},"r":{"a":0,"k":0,"ix":6},"o":{"a":0,"k":100,"ix":7},"sk":{"a":0,"k":0,"ix":4},"sa":{"a":0,"k":0,"ix":5},"nm":"Transform"}],"nm":"Group 1","np":3,"cix":2,"bm":0,"ix":1,"mn":"ADBE Vector Group","hd":false},{"ty":"gr","it":[{"ind":0,"ty":"sh","ix":1,"ks":{"a":0,"k":{"i":[[0,10.987],[10.987,0],[0,-10.987],[-10.987,0]],"o":[[0,-10.987],[-10.987,0],[0,10.987],[10.987,0]],"v":[[19.893,0],[-0.001,-19.894],[-19.894,0],[-0.001,19.894]],"c":true},"ix":2},"nm":"Path 1","mn":"ADBE Vector Shape - Group","hd":false},{"ty":"st","c":{"a":0,"k":[0.43529411764705883,0.43529411764705883,0.43529411764705883,1],"ix":3},"o":{"a":0,"k":100,"ix":4},"w":{"a":0,"k":4,"ix":5},"lc":1,"lj":1,"ml":10,"bm":0,"nm":"Stroke 1","mn":"ADBE Vector Graphic - Stroke","hd":false},{"ty":"fl","c":{"a":0,"k":[0.945098099054,0.949019667682,0.949019667682,1],"ix":4},"o":{"a":0,"k":100,"ix":5},"r":1,"bm":0,"nm":"Fill 1","mn":"ADBE Vector Graphic - Fill","hd":false},{"ty":"tr","p":{"a":0,"k":[262.734,268.202],"ix":2},"a":{"a":0,"k":[0,0],"ix":1},"s":{"a":0,"k":[100,100],"ix":3},"r":{"a":0,"k":0,"ix":6},"o":{"a":0,"k":100,"ix":7},"sk":{"a":0,"k":0,"ix":4},"sa":{"a":0,"k":0,"ix":5},"nm":"Transform"}],"nm":"Group 2","np":3,"cix":2,"bm":0,"ix":2,"mn":"ADBE Vector Group","hd":false}],"ip":0,"op":166,"st":0,"bm":0},{"ddd":0,"ind":3,"ty":4,"nm":"gura Outlines","parent":4,"sr":1,"ks":{"o":{"a":0,"k":100,"ix":11},"r":{"a":0,"k":0,"ix":10},"p":{"a":1,"k":[{"i":{"x":0.833,"y":0.833},"o":{"x":0.167,"y":0.167},"t":45,"s":[300,300,0],"to":[3.75,0,0],"ti":[-3.75,0,0]},{"i":{"x":0.833,"y":0.833},"o":{"x":0.167,"y":0.167},"t":47.5,"s":[322.5,300,0],"to":[0,0,0],"ti":[0,0,0]},{"i":{"x":0.833,"y":0.833},"o":{"x":0.167,"y":0.167},"t":120,"s":[322.5,300,0],"to":[-3.75,0,0],"ti":[3.75,0,0]},{"t":123,"s":[300,300,0]}],"ix":2},"a":{"a":0,"k":[300,300,0],"ix":1},"s":{"a":0,"k":[100,100,100],"ix":6}},"ao":0,"shapes":[{"ty":"gr","it":[{"ind":0,"ty":"sh","ix":1,"ks":{"a":0,"k":{"i":[[1.586,0],[0,0],[0,1.585],[0,0],[-1.586,0],[0,0],[0,-1.585],[0,0]],"o":[[0,0],[-1.586,0],[0,0],[0,-1.585],[0,0],[1.586,0],[0,0],[0,1.585]],"v":[[21.817,3.196],[-21.816,3.196],[-24.688,0.325],[-24.688,-0.325],[-21.816,-3.196],[21.817,-3.196],[24.688,-0.325],[24.688,0.325]],"c":true},"ix":2},"nm":"Path 1","mn":"ADBE Vector Shape - Group","hd":false},{"ty":"fl","c":{"a":0,"k":[0.43529411764705883,0.43529411764705883,0.43529411764705883,1],"ix":4},"o":{"a":0,"k":100,"ix":5},"r":1,"bm":0,"nm":"Fill 1","mn":"ADBE Vector Graphic - Fill","hd":false},{"ty":"tr","p":{"a":0,"k":[289.779,313.178],"ix":2},"a":{"a":0,"k":[0,0],"ix":1},"s":{"a":0,"k":[100,100],"ix":3},"r":{"a":0,"k":0,"ix":6},"o":{"a":0,"k":100,"ix":7},"sk":{"a":0,"k":0,"ix":4},"sa":{"a":0,"k":0,"ix":5},"nm":"Transform"}],"nm":"Group 1","np":2,"cix":2,"bm":0,"ix":1,"mn":"ADBE Vector Group","hd":false}],"ip":0,"op":166,"st":0,"bm":0},{"ddd":0,"ind":4,"ty":4,"nm":"corp Outlines","sr":1,"ks":{"o":{"a":0,"k":100,"ix":11},"r":{"a":0,"k":0,"ix":10},"p":{"a":1,"k":[{"i":{"x":0.833,"y":0.833},"o":{"x":0.167,"y":0.167},"t":0,"s":[300,300,0],"to":[-25,0,0],"ti":[-25,0,0]},{"i":{"x":0.833,"y":0.833},"o":{"x":0.167,"y":0.167},"t":45,"s":[150,300,0],"to":[25,0,0],"ti":[-25,0,0]},{"i":{"x":0.833,"y":0.833},"o":{"x":0.167,"y":0.167},"t":120,"s":[450,300,0],"to":[25,0,0],"ti":[25,0,0]},{"t":165,"s":[300,300,0]}],"ix":2},"a":{"a":0,"k":[300,300,0],"ix":1},"s":{"a":0,"k":[107.364,107.364,100],"ix":6}},"ao":0,"shapes":[{"ty":"gr","it":[{"ind":0,"ty":"sh","ix":1,"ks":{"a":0,"k":{"i":[[0,0],[0,0],[0,-0.029],[-5.404,0],[0,5.403],[0,0.026],[0,0],[-6.19,0],[0,-6.2],[0,0],[0,-0.007],[-4.612,0],[-0.002,4.61],[0,0],[0,0.001],[0,0.001],[0,0],[-6.12,0],[0,-7.11],[0,0],[0,-0.139],[-4.789,0],[0,4.789],[0.007,0.138],[0,0],[0,0],[-7.42,0],[-1.215,-6.4],[0,0],[-3.569,0],[-0.146,3.533],[0,0],[0,0],[39.19,0],[-0.142,-38.616]],"o":[[0,0],[0,0.029],[0,5.403],[5.403,0],[0,-0.026],[0,0],[0,-6.2],[6.2,0],[0,0],[0,0.007],[0,4.612],[4.61,0],[0,0],[0,-0.001],[0,-0.001],[0,0],[1.29,-5.73],[7.11,0],[0,0],[-0.007,0.138],[0,4.789],[4.789,0],[0,-0.139],[0,0],[0,0],[0,-7.43],[6.69,0],[0,0],[0.147,3.533],[3.569,0],[0,0],[0,0],[0.171,-39.19],[-39.19,0],[0,0]],"v":[[-70.798,47.727],[-70.798,99.573],[-70.802,99.659],[-61.018,109.443],[-51.234,99.659],[-51.238,99.582],[-51.238,85.617],[-40.018,74.397],[-28.798,85.617],[-28.798,113.853],[-28.799,113.872],[-20.448,122.224],[-12.098,113.877],[-12.098,113.875],[-12.098,113.872],[-12.098,113.87],[-12.098,95.096],[0.442,85.086],[13.312,97.947],[13.312,107.637],[13.309,108.049],[21.98,116.721],[30.651,108.049],[30.63,107.637],[30.652,107.637],[30.652,85.617],[44.092,72.167],[57.547,83.447],[57.553,99.656],[64.171,106.012],[70.789,99.656],[70.789,47.727],[70.789,-51.263],[0,-122.223],[-70.818,-51.837]],"c":true},"ix":2},"nm":"Path 1","mn":"ADBE Vector Shape - Group","hd":false},{"ty":"st","c":{"a":0,"k":[0.43529411764705883,0.43529411764705883,0.43529411764705883,1],"ix":3},"o":{"a":0,"k":100,"ix":4},"w":{"a":0,"k":4,"ix":5},"lc":1,"lj":1,"ml":10,"bm":0,"nm":"Stroke 1","mn":"ADBE Vector Graphic - Stroke","hd":false},{"ty":"fl","c":{"a":0,"k":[1,1,1,1],"ix":4},"o":{"a":0,"k":100,"ix":5},"r":1,"bm":0,"nm":"Fill 1","mn":"ADBE Vector Graphic - Fill","hd":false},{"ty":"tr","p":{"a":0,"k":[300,307.076],"ix":2},"a":{"a":0,"k":[0,0],"ix":1},"s":{"a":0,"k":[100,100],"ix":3},"r":{"a":0,"k":0,"ix":6},"o":{"a":0,"k":100,"ix":7},"sk":{"a":0,"k":0,"ix":4},"sa":{"a":0,"k":0,"ix":5},"nm":"Transform"}],"nm":"Group 1","np":3,"cix":2,"bm":0,"ix":1,"mn":"ADBE Vector Group","hd":false}],"ip":0,"op":166,"st":0,"bm":0}]}],"layers":[{"ddd":0,"ind":1,"ty":0,"nm":"fantoma fara umbra","refId":"comp_0","sr":1,"ks":{"o":{"a":0,"k":100,"ix":11},"r":{"a":0,"k":0,"ix":10},"p":{"a":1,"k":[{"i":{"x":0.667,"y":1},"o":{"x":0.333,"y":0},"t":0,"s":[300,300,0],"to":[0,1.667,0],"ti":[0,0,0]},{"i":{"x":0.667,"y":1},"o":{"x":0.333,"y":0},"t":10,"s":[300,310,0],"to":[0,0,0],"ti":[0,0,0]},{"i":{"x":0.667,"y":1},"o":{"x":0.333,"y":0},"t":30,"s":[300,300,0],"to":[0,0,0],"ti":[0,1.667,0]},{"i":{"x":0.667,"y":1},"o":{"x":0.333,"y":0},"t":40,"s":[300,310,0],"to":[0,-1.667,0],"ti":[0,5,0]},{"i":{"x":0.667,"y":1},"o":{"x":0.333,"y":0},"t":60,"s":[300,290,0],"to":[0,-5,0],"ti":[0,-5,0]},{"i":{"x":0.667,"y":1},"o":{"x":0.333,"y":0},"t":70,"s":[300,280,0],"to":[0,5,0],"ti":[0,-5,0]},{"i":{"x":0.667,"y":1},"o":{"x":0.333,"y":0},"t":90,"s":[300,320,0],"to":[0,5,0],"ti":[0,6.667,0]},{"i":{"x":0.667,"y":1},"o":{"x":0.333,"y":0},"t":100,"s":[300,310,0],"to":[0,-6.667,0],"ti":[0,3.333,0]},{"i":{"x":0.667,"y":1},"o":{"x":0.333,"y":0},"t":130,"s":[300,280,0],"to":[0,-3.333,0],"ti":[0,0,0]},{"i":{"x":0.667,"y":1},"o":{"x":0.333,"y":0},"t":140,"s":[300,290,0],"to":[0,0,0],"ti":[0,-1.667,0]},{"i":{"x":0.667,"y":1},"o":{"x":0.333,"y":0},"t":150,"s":[300,280,0],"to":[0,1.667,0],"ti":[0,-3.333,0]},{"t":165,"s":[300,300,0]}],"ix":2},"a":{"a":0,"k":[300,300,0],"ix":1},"s":{"a":0,"k":[100,100,100],"ix":6}},"ao":0,"ef":[{"ty":5,"nm":"(Transform)","np":14,"mn":"ADBE Geometry2","ix":1,"en":1,"ef":[{"ty":3,"nm":"Anchor Point","mn":"ADBE Geometry2-0001","ix":1,"v":{"a":0,"k":[0,0],"ix":1}},{"ty":3,"nm":"Position","mn":"ADBE Geometry2-0002","ix":2,"v":{"a":0,"k":[0,0],"ix":2}},{"ty":7,"nm":"Uniform Scale","mn":"ADBE Geometry2-0011","ix":3,"v":{"a":0,"k":1,"ix":3}},{"ty":0,"nm":"Scale","mn":"ADBE Geometry2-0003","ix":4,"v":{"a":0,"k":100,"ix":4}},{"ty":0,"nm":" ","mn":"ADBE Geometry2-0004","ix":5,"v":{"a":0,"k":100,"ix":5}},{"ty":0,"nm":"Skew","mn":"ADBE Geometry2-0005","ix":6,"v":{"a":0,"k":0,"ix":6}},{"ty":0,"nm":"Skew Axis","mn":"ADBE Geometry2-0006","ix":7,"v":{"a":0,"k":0,"ix":7}},{"ty":0,"nm":"Rotation","mn":"ADBE Geometry2-0007","ix":8,"v":{"a":0,"k":0,"ix":8}},{"ty":0,"nm":"Opacity","mn":"ADBE Geometry2-0008","ix":9,"v":{"a":0,"k":100,"ix":9}},{"ty":7,"nm":"Use Composition’s Shutter Angle","mn":"ADBE Geometry2-0009","ix":10,"v":{"a":0,"k":1,"ix":10}},{"ty":0,"nm":"Shutter Angle","mn":"ADBE Geometry2-0010","ix":11,"v":{"a":0,"k":0,"ix":11}},{"ty":7,"nm":"Sampling","mn":"ADBE Geometry2-0012","ix":12,"v":{"a":0,"k":1,"ix":12}}]}],"w":600,"h":600,"ip":0,"op":167,"st":0,"bm":0},{"ddd":0,"ind":2,"ty":4,"nm":"umbra Outlines","sr":1,"ks":{"o":{"a":0,"k":60,"ix":11},"r":{"a":0,"k":0,"ix":10},"p":{"a":1,"k":[{"i":{"x":0.833,"y":0.833},"o":{"x":0.167,"y":0.167},"t":0,"s":[300,493,0],"to":[-25,-0.167,0],"ti":[-25,0.167,0]},{"i":{"x":0.833,"y":0.833},"o":{"x":0.167,"y":0.167},"t":45,"s":[150,492,0],"to":[25,-0.167,0],"ti":[-25.042,-0.021,0]},{"i":{"x":0.833,"y":0.833},"o":{"x":0.167,"y":0.167},"t":120,"s":[450,492,0],"to":[25.042,0.021,0],"ti":[24.958,-0.021,0]},{"t":165,"s":[300.25,492.125,0]}],"ix":2},"a":{"a":0,"k":[300,493,0],"ix":1},"s":{"a":1,"k":[{"i":{"x":[0.833,0.833,0.833],"y":[0.833,0.833,0.228]},"o":{"x":[0.937,0.937,0.333],"y":[0,0,0]},"t":0,"s":[100,100,100]},{"i":{"x":[0.833,0.833,0.833],"y":[0.833,0.833,0.833]},"o":{"x":[0.167,0.167,0.167],"y":[0.167,0.167,0.167]},"t":10,"s":[105,105,100]},{"i":{"x":[0.833,0.833,0.833],"y":[0.833,0.833,0.833]},"o":{"x":[0.167,0.167,0.167],"y":[0.167,0.167,0.167]},"t":30,"s":[100,100,100]},{"i":{"x":[0.833,0.833,0.833],"y":[0.833,0.833,0.833]},"o":{"x":[0.167,0.167,0.167],"y":[0.167,0.167,0.167]},"t":40,"s":[105,105,100]},{"i":{"x":[0.833,0.833,0.833],"y":[0.833,0.833,0.833]},"o":{"x":[0.167,0.167,0.167],"y":[0.167,0.167,0.167]},"t":60,"s":[95,95,100]},{"i":{"x":[0.833,0.833,0.833],"y":[0.833,0.833,0.833]},"o":{"x":[0.167,0.167,0.167],"y":[0.167,0.167,0.167]},"t":70,"s":[92,92,100]},{"i":{"x":[0.833,0.833,0.833],"y":[0.833,0.833,0.833]},"o":{"x":[0.167,0.167,0.167],"y":[0.167,0.167,0.167]},"t":90,"s":[110,110,100]},{"i":{"x":[0.833,0.833,0.833],"y":[0.833,0.833,0.833]},"o":{"x":[0.167,0.167,0.167],"y":[0.167,0.167,0.167]},"t":100,"s":[105,105,100]},{"i":{"x":[0.833,0.833,0.833],"y":[0.833,0.833,0.833]},"o":{"x":[0.167,0.167,0.167],"y":[0.167,0.167,0.167]},"t":130,"s":[90,90,100]},{"i":{"x":[0.833,0.833,0.833],"y":[0.833,0.833,0.833]},"o":{"x":[0.167,0.167,0.167],"y":[0.167,0.167,0.167]},"t":140,"s":[95,95,100]},{"i":{"x":[0.833,0.833,0.833],"y":[0.833,0.833,0.833]},"o":{"x":[0.167,0.167,0.167],"y":[0.167,0.167,0.167]},"t":150,"s":[90,90,100]},{"t":165,"s":[100,100,100]}],"ix":6}},"ao":0,"ef":[{"ty":5,"nm":"Wiggle - scale","np":6,"mn":"ADBE CM WiggleScale","ix":1,"en":1,"ef":[{"ty":0,"nm":"Wiggle Speed (wigs/sec)","mn":"ADBE CM WiggleScale-0001","ix":1,"v":{"a":0,"k":1,"ix":1}},{"ty":0,"nm":"Wiggle Amount","mn":"ADBE CM WiggleScale-0002","ix":2,"v":{"a":1,"k":[{"i":{"x":[0.833],"y":[0.833]},"o":{"x":[0.167],"y":[0.167]},"t":5,"s":[0]},{"i":{"x":[0.833],"y":[0.833]},"o":{"x":[0.167],"y":[0.167]},"t":20,"s":[8]},{"i":{"x":[0.833],"y":[0.833]},"o":{"x":[0.167],"y":[0.167]},"t":149,"s":[8]},{"t":161,"s":[0]}],"ix":2}},{"ty":7,"nm":"Wiggle Width Separately?","mn":"ADBE CM WiggleScale-0003","ix":3,"v":{"a":0,"k":0,"ix":3}},{"ty":0,"nm":"Wiggle Width","mn":"ADBE CM WiggleScale-0004","ix":4,"v":{"a":0,"k":10,"ix":4}}]},{"ty":5,"nm":"(Transform)","np":14,"mn":"ADBE Geometry2","ix":2,"en":1,"ef":[{"ty":3,"nm":"Anchor Point","mn":"ADBE Geometry2-0001","ix":1,"v":{"a":0,"k":[0,0],"ix":1,"x":"var $bm_rt;\n$bm_rt = $bm_transform.anchorPoint;"}},{"ty":3,"nm":"Position","mn":"ADBE Geometry2-0002","ix":2,"v":{"a":0,"k":[0,0],"ix":2,"x":"var $bm_rt;\n$bm_rt = $bm_transform.anchorPoint;"}},{"ty":7,"nm":"Uniform Scale","mn":"ADBE Geometry2-0011","ix":3,"v":{"a":0,"k":0,"ix":3}},{"ty":0,"nm":"Scale Height","mn":"ADBE Geometry2-0003","ix":4,"v":{"a":0,"k":100,"ix":4,"x":"var $bm_rt;\nvar newScale;\nnewScale = wiggle(effect('Wiggle - scale')('Wiggle Speed (wigs/sec)'), effect('Wiggle - scale')('Wiggle Amount'));\n$bm_rt = newScale < 0 ? 0 : newScale;"}},{"ty":0,"nm":"Scale Width","mn":"ADBE Geometry2-0004","ix":5,"v":{"a":0,"k":100,"ix":5,"x":"var $bm_rt;\nvar newScale, newScale;\nif (effect('Wiggle - scale')('Wiggle Width Separately?') == true) {\n    newScale = wiggle(effect('Wiggle - scale')('Wiggle Speed (wigs/sec)'), effect('Wiggle - scale')('Wiggle Width'), 1, 0.5, $bm_sum(time, 30));\n} else {\n    newScale = effect('(Transform)')('Scale Height');\n}\n;\n$bm_rt = newScale < 0 ? 0 : newScale;"}},{"ty":0,"nm":"Skew","mn":"ADBE Geometry2-0005","ix":6,"v":{"a":0,"k":0,"ix":6}},{"ty":0,"nm":"Skew Axis","mn":"ADBE Geometry2-0006","ix":7,"v":{"a":0,"k":0,"ix":7}},{"ty":0,"nm":"Rotation","mn":"ADBE Geometry2-0007","ix":8,"v":{"a":0,"k":0,"ix":8}},{"ty":0,"nm":"Opacity","mn":"ADBE Geometry2-0008","ix":9,"v":{"a":0,"k":100,"ix":9}},{"ty":7,"nm":"Use Composition’s Shutter Angle","mn":"ADBE Geometry2-0009","ix":10,"v":{"a":0,"k":1,"ix":10}},{"ty":0,"nm":"Shutter Angle","mn":"ADBE Geometry2-0010","ix":11,"v":{"a":0,"k":0,"ix":11}},{"ty":7,"nm":"Sampling","mn":"ADBE Geometry2-0012","ix":12,"v":{"a":0,"k":1,"ix":12}}]}],"shapes":[{"ty":"gr","it":[{"ind":0,"ty":"sh","ix":1,"ks":{"a":0,"k":{"i":[[0,4.883],[43.436,0],[0,-4.883],[-43.435,0]],"o":[[0,-4.883],[-43.435,0],[0,4.883],[43.436,0]],"v":[[78.647,0],[0,-8.841],[-78.647,0],[0,8.841]],"c":true},"ix":2},"nm":"Path 1","mn":"ADBE Vector Shape - Group","hd":false},{"ty":"fl","c":{"a":0,"k":[0.862745157878,0.866666726505,0.870588295133,1],"ix":4},"o":{"a":0,"k":100,"ix":5},"r":1,"bm":0,"nm":"Fill 1","mn":"ADBE Vector Graphic - Fill","hd":false},{"ty":"tr","p":{"a":0,"k":[300,479.093],"ix":2},"a":{"a":0,"k":[0,0],"ix":1},"s":{"a":0,"k":[100,100],"ix":3},"r":{"a":0,"k":0,"ix":6},"o":{"a":0,"k":100,"ix":7},"sk":{"a":0,"k":0,"ix":4},"sa":{"a":0,"k":0,"ix":5},"nm":"Transform"}],"nm":"Group 1","np":2,"cix":2,"bm":0,"ix":1,"mn":"ADBE Vector Group","hd":false}],"ip":0,"op":167,"st":0,"bm":0}],"markers":[{"tm":166,"cm":"1","dr":0}]}